1,RB,1,Le'Veon Bell,PIT,11
81,TE,6,Jason Witten,DAL,6
161,RB,63,Khiry Robinson,NO,11
241,RB,90,Lance Dunbar,DAL,6
2,RB,2,Adrian Peterson,MIN,5
82,RB,35,Doug Martin,TB,6
162,RB,64,Roy Helu,OAK,6
242,TE,20,Vernon Davis,SF,10
3,RB,3,Eddie Lacy,GB,7
83,QB,7,Matt Ryan,ATL,10
163,WR,56,Doug Baldwin,SEA,9
243,QB,22,Alex Smith,KC,9
4,RB,4,Jamaal Charles,KC,9
84,WR,36,Martavis Bryant,PIT,11
164,RB,65,Cameron Artis-Payne,CAR,5
244,RB,91,Jacquizz Rodgers,CHI,7
5,RB,5,Marshawn Lynch,SEA,9
85,WR,37,Larry Fitzgerald,ARI,9
165,WR,57,Dorial Green-Beckham,TEN,4
245,RB,92,Kendall Hunter,SF,10
6,WR,1,Antonio Brown,PIT,11
86,RB,36,Tevin Coleman,ATL,10
166,QB,13,Philip Rivers,SD,10
246,WR,84,Josh Huff,PHI,8
7,RB,6,C.J. Anderson,DEN,7
87,TE,7,Jordan Cameron,MIA,5
167,RB,66,Matt Jones,WAS,8
247,QB,23,Marcus Mariota,TEN,4
8,RB,7,Matt Forte,CHI,7
88,WR,38,John Brown,ARI,9
168,WR,58,Michael Crabtree,OAK,6
248,RB,93,Bobby Rainey,TB,6
9,RB,8,DeMarco Murray,PHI,8
89,RB,37,Ameer Abdullah,DET,9
169,RB,67,Branden Oliver,SD,10
249,RB,94,Zac Stacy,NYJ,5
10,WR,2,Demaryius Thomas,DEN,7
90,RB,38,Devonta Freeman,ATL,10
170,RB,68,Donald Brown,SD,10
250,TE,21,Tyler Eifert,CIN,7
11,RB,9,LeSean McCoy,BUF,8
91,RB,39,Duke Johnson,CLE,11
171,QB,14,Matthew Stafford,DET,9
251,RB,95,Bernard Pierce,JAC,8
12,TE,1,Rob Gronkowski,NE,4
92,RB,40,Bishop Sankey,TEN,4
172,TE,12,Antonio Gates,SD,10
252,QB,24,Andy Dalton,CIN,7
13,WR,3,Dez Bryant,DAL,6
93,WR,39,Marques Colston,NO,11
173,RB,69,Christine Michael,SEA,9
253,WR,85,Leonard Hankerson,ATL,10
14,RB,10,Jeremy Hill,CIN,7
94,RB,41,Danny Woodhead,SD,10
174,WR,59,Brian Quick,STL,6
254,DST,15,Carolina Panthers,CAR,5
15,WR,4,Odell Beckham Jr.,NYG,11
95,RB,42,Charles Sims,TB,6
175,QB,15,Colin Kaepernick,SF,10
255,DST,16,Cleveland Browns,CLE,11
16,WR,5,Julio Jones,ATL,10
96,WR,40,Kendall Wright,TEN,4
176,RB,70,Jeremy Langford,CHI,7
256,K,15,Nick Novak,SD,10
17,WR,6,Calvin Johnson,DET,9
97,QB,8,Cam Newton,CAR,5
177,WR,60,Reggie Wayne,NE,4
257,K,16,Chandler Catanzaro,ARI,9
18,WR,7,A.J. Green,CIN,7
98,RB,43,Andre Williams,NYG,11
178,QB,16,Sam Bradford,PHI,8
258,RB,96,Jordan Todman,CAR,5
19,WR,8,Randall Cobb,GB,7
99,WR,41,Steve Smith,BAL,9
179,RB,71,Buck Allen,BAL,9
259,RB,97,Brandon Bolden,NE,4
20,QB,1,Aaron Rodgers,GB,7
100,RB,44,Alfred Blue,HOU,9
180,QB,17,Carson Palmer,ARI,9
260,QB,25,Robert Griffin III,WAS,8
21,WR,9,Alshon Jeffery,CHI,7
101,RB,45,Lorenzo Taliaferro,BAL,9
181,RB,72,Damien Williams,MIA,5
261,RB,98,Jonathan Grimes,HOU,9
22,WR,10,T.Y. Hilton,IND,10
102,RB,46,Fred Jackson,BUF,8
182,TE,13,Larry Donnell,NYG,11
262,WR,86,Kevin White,CHI,7
23,WR,11,Mike Evans,TB,6
103,RB,47,David Cobb,TEN,4
183,WR,61,Terrance Williams,DAL,6
263,RB,99,Boobie Dixon,BUF,8
24,RB,11,Mark Ingram,NO,11
104,WR,42,Anquan Boldin,SF,10
184,RB,73,Robert Turbin,SEA,9
264,RB,100,Benny Cunningham,STL,6
25,QB,2,Andrew Luck,IND,10
105,WR,43,Devin Funchess,CAR,5
185,WR,62,Jeff Janis,GB,7
265,WR,87,Ty Montgomery,GB,7
26,WR,12,Emmanuel Sanders,DEN,7
106,RB,48,Darren McFadden,DAL,6
186,WR,63,Marqise Lee,JAC,8
266,RB,101,Bryce Brown,BUF,8
27,WR,13,DeAndre Hopkins,HOU,9
107,WR,44,Pierre Garcon,WAS,8
187,DST,11,Minnesota Vikings,MIN,5
267,WR,88,Jeremy Kerley,NYJ,5
28,RB,12,Alfred Morris,WAS,8
108,WR,45,Brandon LaFell,NE,4
188,DST,12,New England Patriots,NE,4
268,RB,102,Edwin Baker,NO,11
29,RB,13,Lamar Miller,MIA,5
109,RB,49,Montee Ball,DEN,7
189,K,11,Mason Crosby,GB,7
269,WR,89,Danny Amendola,NE,4
30,WR,14,Brandin Cooks,NO,11
110,RB,50,DeAngelo Williams,PIT,11
190,QB,18,Teddy Bridgewater,MIN,5
270,WR,90,Jermaine Kearse,SEA,9
31,WR,15,Jordan Matthews,PHI,8
111,TE,8,Zach Ertz,PHI,8
191,K,12,Caleb Sturgis,MIA,5
271,RB,103,De'Anthony Thomas,KC,9
32,TE,2,Jimmy Graham,SEA,9
112,QB,9,Tony Romo,DAL,6
192,QB,19,Jay Cutler,CHI,7
272,TE,22,Charles Clay,BUF,8
33,RB,14,Carlos Hyde,SF,10
113,WR,46,DeVante Parker,MIA,5
193,RB,74,James Starks,GB,7
273,TE,23,Coby Fleener,IND,10
34,RB,15,Justin Forsett,BAL,9
114,WR,47,Breshad Perriman,BAL,9
194,TE,14,Owen Daniels,DEN,7
274,WR,91,Mohamed Sanu,CIN,7
35,WR,16,Julian Edelman,NE,4
115,TE,9,Julius Thomas,JAC,8
195,WR,64,Jaelen Strong,HOU,9
275,WR,92,Devin Smith,NYJ,5
36,QB,3,Russell Wilson,SEA,9
116,QB,10,Tom Brady,NE,4
196,TE,15,Austin Seferian-Jenkins,TB,6
276,RB,104,Dexter McCluster,TEN,4
37,RB,16,Melvin Gordon,SD,10
117,RB,51,Knile Davis,KC,9
197,WR,65,Kenny Stills,MIA,5
277,TE,24,Eric Ebron,DET,9
38,QB,4,Peyton Manning,DEN,7
118,WR,48,Cody Latimer,DEN,7
198,RB,75,Trent Richardson,OAK,6
278,TE,25,Richard Rodgers,GB,7
39,RB,17,Jonathan Stewart,CAR,5
119,WR,49,Donte Moncrief,IND,10
199,WR,66,Rueben Randle,NYG,11
279,WR,93,Chris Conley,KC,9
40,WR,17,Keenan Allen,SD,10
120,TE,10,Dwayne Allen,IND,10
200,QB,20,Joe Flacco,BAL,9
280,WR,94,Jarius Wright,MIN,5
41,WR,18,DeSean Jackson,WAS,8
121,RB,52,David Johnson,ARI,9
201,WR,67,Brandon Coleman,NO,11
281,RB,105,Mike Tolbert,CAR,5
42,RB,18,Frank Gore,IND,10
122,RB,53,Denard Robinson,JAC,8
202,WR,68,Nick Toon,NO,11
282,WR,95,James Jones,NYG,11
43,QB,5,Drew Brees,NO,11
123,RB,54,Jonas Gray,NE,4
203,RB,76,Chris Polk,HOU,9
283,RB,106,Marcel Reece,OAK,6
44,WR,19,Vincent Jackson,TB,6
124,RB,55,Theo Riddick,DET,9
204,TE,16,Josh Hill,NO,11
284,DST,17,San Francisco 49ers,SF,10
45,RB,19,Todd Gurley,STL,6
125,WR,50,Victor Cruz,NYG,11
205,RB,77,Travaris Cadet,NE,4
285,DST,18,Kansas City Chiefs,KC,9
46,RB,20,Joique Bell,DET,9
126,DST,1,Seattle Seahawks,SEA,9
206,WR,69,Dwayne Bowe,CLE,11
286,K,17,Nick Folk,NYJ,5
47,WR,20,Amari Cooper,OAK,6
127,RB,56,Jerick McKinnon,MIN,5
207,WR,70,Cordarrelle Patterson,MIN,5
287,K,18,Josh Brown,NYG,11
48,RB,21,Latavius Murray,OAK,6
128,DST,2,Buffalo Bills,BUF,8
208,RB,78,Bilal Powell,NYJ,5
288,RB,107,Storm Johnson,JAC,8
49,WR,21,Golden Tate,DET,9
129,WR,51,Eddie Royal,CHI,7
209,RB,79,Mike Davis,SF,10
289,RB,108,Chris Thompson,WAS,8
50,RB,22,Joseph Randle,DAL,6
130,RB,57,Reggie Bush,SF,10
210,RB,80,Ronnie Hillman,DEN,7
290,RB,109,Kerwynn Williams,ARI,9
51,RB,23,Andre Ellington,ARI,9
131,WR,52,Markus Wheaton,PIT,11
211,RB,81,Toby Gerhart,JAC,8
291,TE,26,Ladarius Green,SD,10
52,RB,24,T.J. Yeldon,JAC,8
132,DST,3,Houston Texans,HOU,9
212,RB,82,Chris Johnson,ARI,9
292,QB,26,Derek Carr,OAK,6
53,RB,25,Arian Foster,HOU,9
133,DST,4,St. Louis Rams,STL,6
213,TE,17,Jordan Reed,WAS,8
293,WR,96,Sammie Coates,PIT,11
54,RB,26,Giovani Bernard,CIN,7
134,RB,58,Terrance West,CLE,11
214,QB,21,Jameis Winston,TB,6
294,RB,110,Karlos Williams,BUF,8
55,RB,27,Rashad Jennings,NYG,11
135,WR,53,Percy Harvin,BUF,8
215,TE,18,Kyle Rudolph,MIN,5
295,WR,97,Marlon Brown,BAL,9
56,WR,22,Sammy Watkins,BUF,8
136,RB,59,Jay Ajayi,MIA,5
216,RB,83,Pierre Thomas,FA,--
296,RB,111,Stepfan Taylor,ARI,9
57,WR,23,Davante Adams,GB,7
137,RB,60,Darren Sproles,PHI,8
217,WR,71,Marquess Wilson,CHI,7
297,TE,27,Jace Amaro,NYJ,5
58,WR,24,Andre Johnson,IND,10
138,WR,54,Marvin Jones,CIN,7
218,RB,84,Ahmad Bradshaw,FA,--
298,WR,98,Tavon Austin,STL,6
59,WR,25,Brandon Marshall,NYJ,5
139,DST,5,New York Jets,NYJ,5
219,TE,19,Heath Miller,PIT,11
299,RB,112,Josh Harris,PIT,11
60,WR,26,Mike Wallace,MIN,5
140,DST,6,Denver Broncos,DEN,7
220,DST,13,Green Bay Packers,GB,7
300,RB,113,Fozzy Whittaker,CAR,5
61,WR,27,Jeremy Maclin,KC,9
141,DST,7,Baltimore Ravens,BAL,9
221,DST,14,Philadelphia Eagles,PHI,8
62,RB,28,C.J. Spiller,NO,11
142,DST,8,Miami Dolphins,MIA,5
222,K,13,Blair Walsh,MIN,5
63,TE,3,Greg Olsen,CAR,5
143,DST,9,Arizona Cardinals,ARI,9
223,K,14,Phil Dawson,SF,10
64,RB,29,LeGarrette Blount,NE,4
144,RB,61,James White,NE,4
224,WR,72,Phillip Dorsett,IND,10
65,WR,28,Jarvis Landry,MIA,5
145,TE,11,Delanie Walker,TEN,4
225,WR,73,Stevie Johnson,SD,10
66,RB,30,Isaiah Crowell,CLE,11
146,RB,62,Daniel Herron,IND,10
226,WR,74,Justin Hunter,TEN,4
67,RB,31,Chris Ivory,NYJ,5
147,DST,10,Detroit Lions,DET,9
227,RB,85,Matt Asiata,MIN,5
68,WR,29,Allen Robinson,JAC,8
148,QB,11,Ryan Tannehill,MIA,5
228,WR,75,Cecil Shorts,HOU,9
69,QB,6,Ben Roethlisberger,PIT,11
149,WR,55,Malcom Floyd,SD,10
229,WR,76,Cole Beasley,DAL,6
70,TE,4,Travis Kelce,KC,9
150,QB,12,Eli Manning,NYG,11
230,RB,86,Antone Smith,ATL,10
71,WR,30,Eric Decker,NYJ,5
151,K,1,Stephen Gostkowski,NE,4
231,RB,87,Josh Robinson,IND,10
72,WR,31,Nelson Agholor,PHI,8
152,K,2,Adam Vinatieri,IND,10
232,WR,77,Greg Jennings,MIA,5
73,WR,32,Charles Johnson,MIN,5
153,K,3,Steven Hauschka,SEA,9
233,WR,78,Tyler Lockett,SEA,9
74,RB,32,Ryan Mathews,PHI,8
154,K,4,Justin Tucker,BAL,9
234,WR,79,Kenny Britt,STL,6
75,WR,33,Roddy White,ATL,10
155,K,5,Cody Parkey,PHI,8
235,RB,88,Stevan Ridley,NYJ,5
76,TE,5,Martellus Bennett,CHI,7
156,K,6,Matt Prater,DET,9
236,WR,80,Andrew Hawkins,CLE,11
77,WR,34,Torrey Smith,SF,10
157,K,7,Matt Bryant,ATL,10
237,WR,81,Allen Hurns,JAC,8
78,RB,33,Shane Vereen,NYG,11
158,K,8,Dan Bailey,DAL,6
238,WR,82,Brian Hartline,CLE,11
79,RB,34,Tre Mason,STL,6
159,K,9,Brandon McManus,DEN,7
239,WR,83,Corey Brown,CAR,5
80,WR,35,Michael Floyd,ARI,9
160,K,10,Dan Carpenter,BUF,8
240,RB,89,Ka'Deem Carey,CHI,7
