1.,(RB1),Adrian,Peterson,MIN,5,
81.,(WR34),Ryan,Broyles,DET,9,
161.,(WR61),Nate,Washington,TEN,8,
241.,(RB62),Chris,Ogbonnaya,CLE,10,
2.,(RB2),Arian,Foster,HOU,8,
82.,(RB30),DeAngelo,Williams,CAR,4,
162.,(RB47),Roy,Helu,WAS,5,
242.,(K20),Shaun,Suisham,PIT,5,
3.,(RB3),Ray,Rice,BAL,8,
83.,(WR35),Kendall,Wright,TEN,8,
163.,(TE16),Fred,Davis,WAS,5,
243.,(WR88),Terrance,Williams,DAL,11,
4.,(RB4),Doug,Martin,TB,5,
84.,(RB31),Rashard,Mendenhall,ARI,9,
164.,(WR62),Jason,Avant,PHI,12,
244.,(RB63),Jonathan,Stewart,CAR,4,
5.,(RB5),Jamaal,Charles,KC,10,
85.,(WR36),T.Y.,Hilton,IND,8,
165.,(WR63),Davone,Bess,CLE,10,
245.,(WR89),Michael,Crabtree,SF,9,
6.,(RB6),Trent,Richardson,CLE,10,
86.,(WR37),Lance,Moore,NO,7,
166.,(TE17),Dwayne,Allen,IND,8,
246.,(QB26),Brandon,Weeden,CLE,10,
7.,(RB7),C.J.,Spiller,BUF,12,
87.,(WR38),Emmanuel,Sanders,PIT,5,
167.,(RB48),Ronnie,Hillman,DEN,9,
247.,(TE33),Luke,Stocker,TB,5,
8.,(RB8),LeSean,McCoy,PHI,12,
88.,(WR39),Miles,Austin,DAL,11,
168.,(QB20),Sam,Bradford,STL,11,
248.,(K21),Rob,Bironas,TEN,8,
9.,(QB1),Aaron,Rodgers,GB,4,
89.,(WR40),Chris,Givens,STL,11,
169.,(WR64),Donnie,Avery,KC,10,
249.,(DEF17),Falcons,D/ST,ATL,6,
10.,(WR1),Calvin,Johnson,DET,9,
90.,(RB32),BenJarvus,Green-Ellis,CIN,12,
170.,(WR65),Dexter,McCluster,KC,10,
250.,(WR90),Percy,Harvin,SEA,12,
11.,(RB9),Marshawn,Lynch,SEA,12,
91.,(WR41),Denarius,Moore,OAK,7,
171.,(TE18),Heath,Miller,PIT,5,
251.,(RB64),Bernard,Pierce,BAL,8,
12.,(QB2),Drew,Brees,NO,7,
92.,(WR42),Alshon,Jeffery,CHI,8,
172.,(WR66),Santana,Moss,WAS,5,
252.,(TE34),Zach,Sudfeld,NE,10,
13.,(WR2),Brandon,Marshall,CHI,8,
93.,(WR43),Tavon,Austin,STL,11,
173.,(QB21),Ryan,Tannehill,MIA,6,
253.,(K22),Rian,Lindell,TB,5,
14.,(RB10),Steven,Jackson,ATL,6,
94.,(RB33),Chris,Ivory,NYJ,10,
174.,(RB49),Mike,Goodson,NYJ,10,
254.,(WR91),Markus,Wheaton,PIT,5,
15.,(WR3),Dez,Bryant,DAL,11,
95.,(WR44),Josh,Gordon,CLE,10,
175.,(WR67),Robert,Woods,BUF,12,
255.,(K23),Graham,Gano,CAR,4,
16.,(RB11),Darren,Sproles,NO,7,
96.,(WR45),Vincent,Brown,SD,8,
176.,(TE19),Julius,Thomas,DEN,9,
256.,(WR92),Stephen,Hill,NYJ,10,
17.,(QB3),Peyton,Manning,DEN,9,
97.,(WR46),Golden,Tate,SEA,12,
177.,(TE20),Marcedes,Lewis,JAC,9,
257.,(DEF18),Browns,D/ST,CLE,10,
18.,(WR4),A.J.,Green,CIN,12,
98.,(QB13),Eli,Manning,NYG,9,
178.,(WR68),Aaron,Dobson,NE,10,
258.,(TE35),Anthony,Fasano,KC,10,
19.,(RB12),Reggie,Bush,DET,9,
99.,(RB34),Marcel,Reece,OAK,7,
179.,(RB50),Kendall,Hunter,SF,9,
259.,(QB27),Jake,Locker,TEN,8,
20.,(RB13),Matt,Forte,CHI,8,
100.,(WR47),Rueben,Randle,NYG,9,
180.,(WR69),Darrius,Heyward-Bey,IND,8,
260.,(RB65),Ronnie,Brown,SD,8,
21.,(QB4),Tom,Brady,NE,10,
101.,(DEF1),Seahawks,D/ST,SEA,12,
181.,(TE21),Jermaine,Gresham,CIN,12,
261.,(K24),Kai,Forbath,WAS,5,
22.,(RB14),Alfred,Morris,WAS,5,
102.,(TE7),Greg,Olsen,CAR,4,
182.,(RB51),Bilal,Powell,NYJ,10,
262.,(TE36),Garrett,Graham,HOU,8,
23.,(WR5),Andre,Johnson,HOU,8,
103.,(RB35),Le'Veon,Bell,PIT,5,
183.,(WR70),Julian,Edelman,NE,10,
263.,(DEF19),Vikings,D/ST,MIN,5,
24.,(QB5),Cam,Newton,CAR,4,
104.,(QB14),Matt,Schaub,HOU,8,
184.,(DEF11),Ravens,D/ST,BAL,8,
264.,(RB66),Robert,Turbin,SEA,12,
25.,(WR6),Roddy,White,ATL,6,
105.,(TE8),Jermichael,Finley,GB,4,
185.,(WR71),Eddie,Royal,SD,8,
265.,(K25),Jay,Feely,ARI,9,
26.,(WR7),Randall,Cobb,GB,4,
106.,(RB36),Jacquizz,Rodgers,ATL,6,
186.,(QB22),Joe,Flacco,BAL,8,
266.,(WR93),Quinton,Patton,SF,9,
27.,(TE1),Jimmy,Graham,NO,7,
107.,(RB37),Danny,Woodhead,SD,8,
187.,(RB52),Ben,Tate,HOU,8,
267.,(WR94),Dwayne,Harris,DAL,11,
28.,(WR8),Julio,Jones,ATL,6,
108.,(WR48),Jeremy,Kerley,NYJ,10,
188.,(WR72),Rod,Streater,OAK,7,
268.,(DEF20),Chargers,D/ST,SD,8,
29.,(WR9),Demaryius,Thomas,DEN,9,
109.,(DEF2),49ers,D/ST,SF,9,
189.,(DEF12),Cowboys,D/ST,DAL,11,
269.,(RB67),Toby,Gerhart,MIN,5,
30.,(RB15),Darren,McFadden,OAK,7,
110.,(RB38),Isaiah,Pead,STL,11,
190.,(TE22),Brent,Celek,PHI,12,
270.,(WR95),Andrew,Hawkins,CIN,12,
31.,(RB16),Maurice,Jones-Drew,JAC,9,
111.,(TE9),Owen,Daniels,HOU,8,
191.,(WR73),Mohamed,Sanu,CIN,12,
271.,(K27),Ryan,Succop,KC,10,
32.,(RB17),Chris,Johnson,TEN,8,
112.,(WR49),Andre,Roberts,ARI,9,
192.,(WR74),Jarius,Wright,MIN,5,
272.,(RB68),Daniel,Thomas,MIA,6,
33.,(WR10),Larry,Fitzgerald,ARI,9,
113.,(WR50),Malcom,Floyd,SD,8,
193.,(QB23),Jay,Cutler,CHI,8,
273.,(QB28),Christian,Ponder,MIN,5,
34.,(WR11),Wes,Welker,DEN,9,
114.,(QB15),Carson,Palmer,ARI,9,
194.,(TE23),Coby,Fleener,IND,8,
274.,(K28),Nick,Novak,SD,8,
35.,(TE2),Rob,Gronkowski,NE,10,
115.,(RB39),Isaac,Redman,PIT,5,
195.,(RB53),Fred,Jackson,BUF,12,
275.,(WR96),Jerome,Simpson,MIN,5,
36.,(RB18),Frank,Gore,SF,9,
116.,(TE10),Kyle,Rudolph,MIN,5,
196.,(WR75),Josh,Morgan,WAS,5,
276.,(TE37),Tony,Scheffler,DET,9,
37.,(WR12),Reggie,Wayne,IND,8,
117.,(RB40),Vick,Ballard,IND,8,
197.,(TE24),Tyler,Eifert,CIN,12,
277.,(DEF21),Panthers,D/ST,CAR,4,
38.,(WR13),Vincent,Jackson,TB,5,
118.,(WR51),Michael,Floyd,ARI,9,
198.,(RB54),Michael,Bush,CHI,8,
278.,(K29),Nick,Folk,NYJ,10,
39.,(RB19),David,Wilson,NYG,9,
119.,(TE11),Antonio,Gates,SD,8,
199.,(WR76),Brandon,Gibson,MIA,6,
279.,(WR97),Kenny,Stills,NO,7,
40.,(QB6),Matt,Ryan,ATL,6,
120.,(DEF3),Texans,D/ST,HOU,8,
200.,(DEF13),Dolphins,D/ST,MIA,6,
280.,(RB69),Rashad,Jennings,OAK,7,
41.,(WR14),Victor,Cruz,NYG,9,
121.,(QB16),Ben,Roethlisberger,PIT,5,
201.,(QB24),Michael,Vick,PHI,12,
281.,(DEF22),Jets,D/ST,NYJ,10,
42.,(WR15),Marques,Colston,NO,7,
122.,(RB41),Pierre,Thomas,NO,7,
202.,(RB55),Shonn,Greene,TEN,8,
282.,(K30),Josh,Scobee,JAC,9,
43.,(RB20),DeMarco,Murray,DAL,11,
123.,(WR52),Kenny,Britt,TEN,8,
203.,(WR77),Riley,Cooper,PHI,12,
283.,(TE38),David,Ausberry,OAK,7,
44.,(WR16),James,Jones,GB,4,
124.,(DEF4),Bears,D/ST,CHI,8,
204.,(TE25),Rob,Housler,ARI,9,
284.,(WR98),Justin,Hunter,TEN,8,
45.,(TE3),Tony,Gonzalez,ATL,6,
125.,(TE12),Jared,Cook,STL,11,
205.,(RB56),Andre,Brown,NYG,9,
285.,(RB70),Lance,Dunbar,DAL,11,
46.,(WR17),Mike,Wallace,MIA,6,
126.,(RB42),Mike,Tolbert,CAR,4,
206.,(RB57),Bryce,Brown,PHI,12,
286.,(K31),Dustin,Hopkins,BUF,12,
47.,(QB7),Colin,Kaepernick,SF,9,
127.,(QB17),Josh,Freeman,TB,5,
207.,(WR78),Jacoby,Ford,OAK,7,
287.,(WR99),T.J.,Graham,BUF,12,
48.,(RB21),Stevan,Ridley,NE,10,
128.,(WR53),DeAndre,Hopkins,HOU,8,
208.,(TE26),Zach,Miller,SEA,12,
288.,(TE39),Charles,Clay,MIA,6,
49.,(TE4),Jason,Witten,DAL,11,
129.,(RB43),Mark,Ingram,NO,7,
209.,(K11),Dan,Bailey,DAL,11,
289.,(WR100),Marlon,Moore,SF,9,
50.,(RB22),Lamar,Miller,MIA,6,
130.,(TE13),Martellus,Bennett,CHI,8,
210.,(RB58),Christine,Michael,SEA,12,
290.,(K32),Caleb,Sturgis,MIA,6,
51.,(WR18),Steve,Smith,CAR,4,
131.,(WR54),Kenbrell,Thompkins,NE,10,
211.,(TE27),Zach,Ertz,PHI,12,
291.,(TE40),Jacob,Tamme,DEN,9,
52.,(WR19),Dwayne,Bowe,KC,10,
132.,(WR55),Brian,Hartline,MIA,6,
212.,(DEF14),Buccaneers,D/ST,TB,5,
292.,(WR101),Earl,Bennett,CHI,8,
53.,(RB23),Ryan,Mathews,SD,8,
133.,(RB44),Knowshon,Moreno,DEN,9,
213.,(WR79),Doug,Baldwin,SEA,12,
293.,(RB71),Willis,McGahee,FA,--,
54.,(WR20),Steve,Johnson,BUF,12,
134.,(WR56),Nate,Burleson,DET,9,
214.,(K12),Greg,Zuerlein,STL,11,
294.,(DEF23),Redskins,D/ST,WAS,5,
55.,(RB24),Eddie,Lacy,GB,4,
135.,(TE14),Brandon,Pettigrew,DET,9,
215.,(TE28),Dallas,Clark,BAL,8,
295.,(RB72),Mike,Gillislee,MIA,6,
56.,(QB8),Matthew,Stafford,DET,9,
136.,(QB18),Philip,Rivers,SD,8,
216.,(WR80),Santonio,Holmes,NYJ,10,
296.,(WR102),Domenik,Hixon,CAR,4,
57.,(WR21),Antonio,Brown,PIT,5,
137.,(WR57),Jacoby,Jones,BAL,8,
217.,(K13),Steven,Hauschka,SEA,12,
297.,(TE41),Jeff,Cumberland,NYJ,10,
58.,(RB25),Shane,Vereen,NE,10,
138.,(WR58),Greg,Little,CLE,10,
218.,(WR81),Keenan,Allen,SD,8,
298.,(QB29),EJ,Manuel,BUF,12,
59.,(WR22),Torrey,Smith,BAL,8,
139.,(RB45),Joique,Bell,DET,9,
219.,(TE29),Scott,Chandler,BUF,12,
299.,(WR103),A.J.,Jenkins,KC,10,
60.,(RB26),Giovani,Bernard,CIN,12,
140.,(WR59),Justin,Blackmon,JAC,9,
220.,(K14),Garrett,Hartley,NO,7,
300.,(DEF24),Lions,D/ST,DET,9,
61.,(WR23),Eric,Decker,DEN,9,
141.,(DEF5),Bengals,D/ST,CIN,12,
221.,(WR82),Leonard,Hankerson,WAS,5,
62.,(QB9),Robert,Griffin,III,WAS,5,
142.,(RB46),LaRod,Stephens-Howling,PIT,5,
222.,(K15),Robbie,Gould,CHI,8,
63.,(WR24),Jordy,Nelson,GB,4,
143.,(WR60),Brandon,LaFell,CAR,4,
223.,(RB59),Joseph,Randle,DAL,11,
64.,(WR25),Anquan,Boldin,SF,9,
144.,(TE15),Jordan,Cameron,CLE,10,
224.,(WR83),Brandon,Lloyd,FA,--,
65.,(RB27),Daryl,Richardson,STL,11,
145.,(DEF6),Patriots,D/ST,NE,10,
225.,(K16),Mike,Nugent,CIN,12,
66.,(QB10),Tony,Romo,DAL,11,
146.,(QB19),Andy,Dalton,CIN,12,
226.,(TE30),Delanie,Walker,TEN,8,
67.,(WR26),Sidney,Rice,SEA,12,
147.,(DEF7),Broncos,D/ST,DEN,9,
227.,(WR84),Harry,Douglas,ATL,6,
68.,(TE5),Vernon,Davis,SF,9,
148.,(DEF8),Steelers,D/ST,PIT,5,
228.,(K17),Mason,Crosby,GB,4,
69.,(WR27),Cecil,Shorts,JAC,9,
149.,(DEF9),Rams,D/ST,STL,11,
229.,(TE31),Kellen,Winslow,NYJ,10,
70.,(WR28),DeSean,Jackson,PHI,12,
150.,(DEF10),Packers,D/ST,GB,4,
230.,(WR85),Brandon,Stokley,BAL,8,
71.,(RB28),Ahmad,Bradshaw,IND,8,
151.,(K1),Stephen,Gostkowski,NE,10,
231.,(RB60),Michael,Turner,FA,--,
72.,(QB11),Russell,Wilson,SEA,12,
152.,(K2),Blair,Walsh,MIN,5,
232.,(K18),Adam,Vinatieri,IND,8,
73.,(WR29),Greg,Jennings,MIN,5,
153.,(K3),Matt,Bryant,ATL,6,
233.,(WR86),Cordarrelle,Patterson,MIN,5,
74.,(WR30),Danny,Amendola,NE,10,
154.,(K4),Justin,Tucker,BAL,8,
234.,(DEF15),Giants,D/ST,NYG,9,
75.,(WR31),Pierre,Garcon,WAS,5,
155.,(K5),Matt,Prater,DEN,9,
235.,(QB25),Alex,Smith,KC,10,
76.,(QB12),Andrew,Luck,IND,8,
156.,(K6),Phil,Dawson,SF,9,
236.,(RB61),Mikel,Leshoure,DET,9,
77.,(RB29),Montee,Ball,DEN,9,
157.,(K7),Randy,Bullock,HOU,8,
237.,(TE32),Ed,Dickson,BAL,8,
78.,(TE6),Brandon,Myers,NYG,9,
158.,(K8),Josh,Brown,NYG,9,
238.,(DEF16),Cardinals,D/ST,ARI,9,
79.,(WR32),Mike,Williams,TB,5,
159.,(K9),Sebastian,Janikowski,OAK,7,
239.,(K19),Alex,Henery,PHI,12,
80.,(WR33),Hakeem,Nicks,NYG,9,
160.,(K10),David,Akers,DET,9,
240.,(WR87),Ace,Sanders,JAC,9,

